<project name="checkstyle" default="checkstyle" xmlns:ivy="antlib:org.apache.ivy.ant">
  <description>
  Runs checkstyle on system, using rules in: lib/configfiles
  Invocation: ant -f checkstyle.build.xml
  For more information about checkstyle, goto http://checkstyle.sourceforge.net
  </description>
  
  <import file="build.xml"/>
  
  <property name="checkstyle.version" value="5.1"/>
  <property name="checkstyle.dir" location="${build.dir}/checkstyle/"/>
  <property name="checkstyle.install.dir" location="${lib.dir}/checkstyle"/>
  <property name="checkstyle.jar" value="checkstyle-all.jar"/>
  <property name="checkstyle.failOnViolation" value="false"/>
  <property name="checkstyle.config.file" value="checkstyle.xml"/>
  <property name="checkstyle.config.file.path" location="${configfiles.dir}/${checkstyle.config.file}"/>

  <available file="${checkstyle.config.file.path}" type="file" property="checkstyle.config.available" />

  <target name="install-checkstyle" depends="install-ivy" description="Install checkstyle if necessary.">
    <ivy:retrieve module="checkstyle" organisation="com.puppycrawl" revision="${checkstyle.version}" pattern="${lib.dir}/checkstyle/[artifact].[ext]" sync="true" inline="true" log="download-only" conf="bundled" transitive="false" type="jar,report"/>
  </target>

  <target name="checkstyle.install.config.file" unless="checkstyle.config.available">
    <get src="${configfiles.url}/${checkstyle.config.file}"
         dest="${checkstyle.config.file.path}" usetimestamp="true"/>
  </target>

  <path id="checkstyle.classpath">
    <pathelement path="${build.dir}/classes"/>
    <path refid="compile.classpath"/>
  </path>

  <target name="checkstyle" depends="compile, install-checkstyle, checkstyle.tool, checkstyle.report" 
      description="Runs Checkstyle."/>

  <target name="checkstyle.tool" depends="compile, install-checkstyle, checkstyle.install.config.file" description="Checks the style of the sources and reports issues.">
    <taskdef resource="checkstyletask.properties" classpath="${checkstyle.install.dir}/${checkstyle.jar}" />
    <mkdir dir="${checkstyle.dir}"/>
    <checkstyle config="${checkstyle.config.file.path}"
                failOnViolation="${checkstyle.failOnViolation}" 
                classpathref="checkstyle.classpath">
      <fileset dir="${src.dir}" includes="**/*.java" />
      <formatter type="plain"/>
      <formatter type="xml" tofile="${checkstyle.dir}/checkstyle.xml" />
    </checkstyle>
  </target>

  <target name="checkstyle.report" description="Generates an HTML report for Checkstyle.">
    <xslt in="${checkstyle.dir}/checkstyle.xml" 
          out="${checkstyle.dir}/index.html" 
          style="${checkstyle.install.dir}/checkstyle-noframes.xsl">
      <param name="title" expression="Checkstyle Report" />
      <param name="module" expression="${system.name}" />
    </xslt>
  </target>

</project>

