<project name="dependencyfinder" default="dependencyfinder" xmlns:ivy="antlib:org.apache.ivy.ant">
  <description>
  Provides the DependencyFinder tool and the DependencyFinder sensor.
  </description>
  
  <import file="build.xml"/>
  <property name="dependencyfinder.version" value="1.2.1-beta1" />
  <property name="dependencyfinder.install.dir" location="${lib.dir}/dependencyfinder/" />

  <target name="install-dependencyfinder" depends="install-ivy">
    <ivy:retrieve module="DependencyFinder" organisation="com.jeantessier" revision="${dependencyfinder.version}" pattern="${lib.dir}/dependencyfinder/[artifact].[ext]" sync="true" inline="true" log="download-only" type="jar,report"/>
  </target>
   
  <property name="dependencyfinder.dir" location="${build.dir}/dependencyfinder" />

  <path id="dependencyfinder.path">
    <pathelement location="${dependencyfinder.install.dir}" />  <!-- for log4j.properties -->
    <fileset dir="${dependencyfinder.install.dir}">
      <include name="*.jar" />
    </fileset>
  </path>

  <target name="dependencyfinder" depends="dependencyfinder.tool, dependencyfinder.report" 
   description="Runs DependencyFinder tool and report."/>

  <target name="dependencyfinder.tool" depends="compile, install-dependencyfinder" description="Computes dependency metrics on the source code.">
    <!-- Verify that DependencyFinder is installed. -->
    <taskdef name="dependencyextractor" classname="com.jeantessier.dependencyfinder.ant.DependencyExtractor" classpathref="dependencyfinder.path"/>    
    <taskdef name="dependencyreporter" classname="com.jeantessier.dependencyfinder.ant.DependencyReporter" classpathref="dependencyfinder.path"/>    
    <mkdir dir="${dependencyfinder.dir}"/>
    <!-- Extract dependencies, excluding java.* and javax.* packages. -->
    <dependencyextractor destfile="${dependencyfinder.dir}/all.xml" filterexcludes="/^java\./||/^javax\./" xml="yes" minimize="yes">
      <path path="${build.dir}/classes" />
    </dependencyextractor>
    <!-- Create a class2class.xml file containing just class-level dependency information. -->
    <dependencyreporter srcfile="${dependencyfinder.dir}/all.xml" destfile="${dependencyfinder.dir}/class2class.xml" 
      c2c="yes" showall="yes"  validate="yes" xml="yes" />
  </target>

  <target name="dependencyfinder.report" description="Generates an HTML report from DependencyFinder data.">
    <xslt style="${dependencyfinder.install.dir}/DependencyGraphToHTML.xsl" 
          in="${dependencyfinder.dir}/all.xml" out="${dependencyfinder.dir}/all/index.html" />
    <xslt style="${dependencyfinder.install.dir}/DependencyGraphToHTML.xsl" 
          in="${dependencyfinder.dir}/class2class.xml" out="${dependencyfinder.dir}/class2class/index.html" />
  </target>
  
</project>

