<project name="emma" default="emma" xmlns:ivy="antlib:org.apache.ivy.ant">
  <description>
  Generates coverage data for JUnit tests. Cleans, compiles, instruments, runs JUnit, cleans. 
  Invocation: ant -f emma.build.xml
  </description>

  <import file="build.xml" />
  <property name="emma.version" value="2.0.5312"/>
  <property name="emma.install.dir" location="${lib.dir}/emma"/>
  <property name="emma.echo.file" location="${configfiles.dir}/emma.xsl"/>
  <property name="emma.dir" location="${build.dir}/emma" />
  <property name="junit.dir" location="${build.dir}/junit" />
  
  <target name="install-emma" depends="install-ivy">
    <ivy:retrieve module="emma" organisation="com.vladium" revision="${emma.version}" pattern="${lib.dir}/emma/[artifact].[ext]" sync="true" inline="true" log="download-only" transitive="false" type="jar"/>
  </target> 

  <target name="emma" depends="emma.tool, emma.echo" description="Runs Emma." />

  <target name="emma.tool" depends="clean, compile, install-emma" description="Cleans, compiles, instruments byte codes, runs unit tests, generates Emma report.">
    <path id="emma.lib.dir">
      <pathelement location="${emma.install.dir}/emma.jar" />
      <pathelement location="${emma.install.dir}/emma_ant.jar" />
    </path>
    <taskdef resource="emma_ant.properties" classpathref="emma.lib.dir" />
    <!-- Instrument the .class files. -->
    <mkdir dir="${emma.dir}" />
    <emma enabled="true">
      <!-- The "standard" instrumentation call. -->
      <instr instrpath="${build.dir}/classes" destdir="${build.dir}/classes" metadatafile="${emma.dir}/metadata.emma" merge="true" mode="overwrite">
        <filter excludes="pmj.Test*" />
      </instr>
      <!-- The custom instrumentation call for robocode, since it finds our code inside the robocode installation. -->
      <instr instrpath="${lib.dir}/robocode/robots/kgl" destdir="${lib.dir}/robocode/robots/kgl" metadatafile="${emma.dir}/metadata.emma" merge="true" mode="overwrite">
        <filter excludes="pmj.Test*" />
      </instr>
    </emma>
    <!-- Run JUnit with the instrumented class files. -->
    <mkdir dir="${junit.dir}" />
    <junit maxmemory="512M" printsummary="withOutAndErr" fork="yes">
      <classpath>
        <pathelement location="${build.dir}/classes" />
        <pathelement location="${lib.dir}/robocode/robots" />
        <path refid="compile.classpath"/>
        <path refid="emma.lib.dir"/>
      </classpath>
      <sysproperty key="emma.coverage.out.file" value="${build.dir}/emma/coverage.emma" />
      <sysproperty key="emma.coverage.out.merge" value="true" />
      <sysproperty key="robocode.home" value="${lib.dir}/robocode"/>
      <sysproperty key="NOSECURITY" value="true"/>
      
      <formatter type="xml" />
      <batchtest todir="${junit.dir}">
        <fileset dir="${src.dir}">
          <include name="**/Test*.java" />
        </fileset>
      </batchtest>
    </junit>
    <!-- Generate Emma reports. -->
    <emma enabled="true">
      <report sourcepath="${src.dir}" sort="+name" metrics="method:100,block:100,line:100,class:100">
        <fileset dir="${emma.dir}">
          <include name="*.emma" />
        </fileset>
        <xml outfile="${emma.dir}/coverage.xml" depth="method" />
        <html outfile="${emma.dir}/coverage.html" depth="method" columns="name,class,method,block,line" />
      </report>
    </emma>
    <!-- Now delete the instrumented .class files. -->
    <delete dir="${build.dir}/classes" />
  </target>

  <target name="emma.echo" description="Sends summary of Emma results to console" depends="emma.install.echo.file">
    <!-- It's ridiculous what we have to do to get a decent summary. -->
    <xslt style="${emma.echo.file}" in="${emma.dir}/coverage.xml" out="${emma.dir}/coverage.brief.txt" />
    <replace file="${emma.dir}/coverage.brief.txt" token="class, %" value="class: " />
    <replace file="${emma.dir}/coverage.brief.txt" token="method, %" value="method:" />
    <replace file="${emma.dir}/coverage.brief.txt" token="block, %" value="block: " />
    <replace file="${emma.dir}/coverage.brief.txt" token="line, %" value="line:  " />
    <concat>
      <header>Emma Coverage summary
</header>
      <fileset file="${emma.dir}/coverage.brief.txt" />
    </concat>
  </target>
  
  <target name="emma.install.echo.file" unless="emma.echo.available">
     <get src="${configfiles.url}/emma.xsl"
          dest="${emma.echo.file}" usetimestamp="true"/>
   </target>
</project>



