<project name="sclc" default="sclc" xmlns:ivy="antlib:org.apache.ivy.ant">
  <description>
    Runs sclc on system to generate information on size.
    Invocation: ant -f sclc.build.xml
    NOTE: sclc requires ActivePerl.  See: http://code.google.com/p/sclc/wiki/UserGuide
  </description>

  <import file="build.xml" />
  <property name="sclc.version" value="2.7.428" />
  <property name="sclc.dir" location="${build.dir}/sclc" />

  <target name="sclc" depends="sclc.tool" description="Runs SCLC." />

  <!-- Download SCLC from Ivy if necessary. -->
  <property name="sclc.install.dir" location="${lib.dir}/sclc" />
  <target name="install-sclc" depends="install-ivy">
    <ivy:retrieve module="sclc" organisation="edu.hawaii.ics.csdl" revision="${sclc.version}" pattern="${lib.dir}/sclc/[artifact].[ext]" sync="true" inline="true" log="download-only" type="script" />
  </target> 
    
  <target name="sclc.tool" depends="compile, install-sclc" description="Compute size data on the source code using SCLC.">
    <mkdir dir="${sclc.dir}" />
    <!-- Run size data using SCLC.  Invoke Perl via the exec task to run SCLC. -->
    <exec executable="perl" dir="${build.dir}">
      <arg line="${sclc.install.dir}/sclc.pl -default_exclude -ignore -xml_output ${sclc.dir}/size.xml -recurse ${src.dir}" />
    </exec>
  </target>

  <!-- Download the sclc.xsl file if necessary. -->
  <property name="sclc.xsl.file" location="${configfiles.dir}/sclc.xsl" />
  <available file="${sclc.xsl.file}" type="file" property="sclc.xsl.available" />
  <target name="sclc.install.xsl.file" unless="sclc.xsl.available">
    <get src="${configfiles.url}/sclc.xsl" dest="${sclc.xsl.file}" usetimestamp="true" />
  </target>
</project>

